Black,434216
BLACK,317546
Night Sky,134314
WHITE,69868
Blue denim,59626
Vanilla Ice,49012
TOTAL ECLIPSE,46339
GREY MEL.,38132
Tarmac,33972
Black comb,30811
Dark blue,28235
DARK SAPPHIRE,26213
LIGHT GREY MEL.,24644
Light blue denim,20753
DARK GREY MEL.,20535
CLEAR CREAM,19651
Bright White,19261
BLACK MEL.,19255
NEW NAVY,18744
DARKEST SPRUCE,18011
White,17652
Peacoat,17390
Night Sky comb,16494
Grey Melange,16182
Elephant Skin,14654
HOLIDAY RED,14040
Unknown,13346
Black comb.,13307
NAVY,13162
ROSIN,11678
WHITE MEL.,11457
Eventide,10929
CHERRY BLOSSOM AOP,10554
BLUE IRIS,10470
Winetasting,9839
Smoked Pearl,9777
Green Gables,9622
MEADOW AOP,9427
Tarmac comb,9356
Vanilla Ice comb,9325
GARDENIA,9255
PEONY AOP,9100
DEEP NAVY,8728
Blue Shadow,8560
Peacoat comb,8420
Dress Blues,7381
Blue Topaz,6916
Dark Grey Melange,6850
Night Sky comb.,6773
POPPY FLOWER BIG AOP,6699
Nude,6649
Ballerina,6541
Woodrose,6521
WORN BLACK,6497
Coffee Bean,6418
Burnt Sienna,6415
DARK BLUE MEL.,6356
PONDEROSA PINE,6309
FLUFFY PINK,6263
RACING RED,6233
Dark blue denim,6177
Medieval Blue,6044
FOREST NIGHT,6010
Heather Rose,5954
CAMEO PINK,5854
Magenta,5838
PUA AOP,5835
WORN BLUE,5721
PUA DARK AOP,5645
Port Royal,5535
Sodalite Blue,5506
SCALLOP AOP,5411
POPPY FLOWER AOP,5403
Tango Red,5313
Ivy green,5266
BLACK RINSE,5245
Blue d. washed,5129
Vanilla Ice comb.,5060
DARK SHADOW,5019
Night Sky Comb.,4985
Light Grey Melange,4922
Mediterranea,4899
Prism Pink,4729
RADIENT YELLOW,4725
Graystone,4657
PINE MEL,4546
Falcon,4512
SAKURA AOP,4505
Animal combo,4439
DUSTY OLIVE,4406
Garnet,4374
SCRIBBLE BLACK SMALL AOP,4330
Black solid,4301
BROWN HONEY MEL,4197
SURF THE WEB,4094
NOUGAT ROSE,4087
Mellow rose,4085
PINK TINT,4081
Nostalgia Rose,4076
Pale Banana,4036
Dusty Olive,3971
LILAC SACHET,3964
Black combo,3897
BLUE IRIS MEL.,3889
Dark Purple,3881
Deep Sea Coral,3853
Night Sky Comb,3724
DECADENT CHOCO,3685
Grey Denim,3621
White combo,3527
BLACK LEO,3518
CREAM-NAVY STRIPE,3461
B Shadow comb,3448
NAVY MEL.,3426
Winetasting comb,3425
SAND DOLLAR,3418
Pumice Stone comb,3373
ROSEMARY CLOVER AOP,3360
Black Comb,3347
Pale Mauve,3336
LIGHT BLUE,3232
TOTAL ECLIPSE MEL.,3226
FLAKE AOP,3216
FOREST NIGHT MEL.,3215
NAVY CLOVER AOP,3202
EDGE,3194
Black Solid,3175
OLIVE,3106
ARMY GREEN,3104
Rose Dust,3084
Lt blue Denim,3059
WINDY DOTS AOP,3053
ROSIN MEL,3026
VINTAGE KHAKI,3023
Nugget Gold,2938
3173 BLUE STRIPE,2934
Silver,2934
LIGHT MAHOGANY,2868
Black w/ Silver,2857
KHAKI,2856
MIDNIGHT BLUE,2846
CHINA BLOOM AOP,2836
D. SPRUCE MEL,2812
Etherea,2809
SILVER,2785
LEO AOP,2770
Cream Tan,2728
BLACK BEAUTY,2724
Harvest Gold,2716
Night S. w/Bl,2686
Dk Grey Denim,2651
MANDARIN RED,2644
Br. White,2640
HIGH RISK RED,2608
ESTATE BLUE,2608
GOLD,2602
Night Sky solid,2544
PLUM,2535
CREAM-RED STRIPE,2527
Nugget Gold comb,2494
Medieval Blue comb.,2484
LILY AOP,2480
Ballerina comb,2424
White box print,2399
LIPS AOP,2397
90S MID BLUE,2374
Pale Mauve comb,2369
WILD FLOWER AOP,2356
Night Sky w/ Silver,2348
Eventide text print,2342
BLACK GLITTER,2296
Black Comb.,2295
DARK BLUE,2287
Tarmac comb.,2275
Desert Sage,2248
Racing Red,2206
Breen,2175
GOLDEN HAZEL,2169
Night sky flower comb.,2128
3173 BLACK STRIPE,2124
Night Sky Solid,2115
Prism Pink comb,2110
Vanilla Ice Comb.,2104
Cashmere Blue,2080
NOUGAT ROSE MEL,2069
DARK ROYAL,2060
Black flower comb.,2058
Black mel.,2041
STARRY NIGHT AOP,2037
Light blue,2034
ROSE CITRUS,2012
ROSEMARY LIP,2000
BABOOSHKA AOP,1978
Event/night sky,1959
LAVENDER,1927
HANA DARK,1896
FUNGI MEL,1882
Antique White comb,1881
Night sky comb,1873
Animal print,1873
WHITE SAND,1866
Dove,1865
KIND OF BLUE,1851
Dusty Olive comb,1848
Rouge Red,1843
Blue shadow flower comb.,1831
FOREST NIGHT MEL,1828
Eventide mel.,1799
TRICOLORE STRIPE,1795
PINE MEL/LGM,1791
PINEGROVE MEL.,1789
ESTATE LILAC ST,1774
SUNFLOWER,1761
WORN N' TRASHED,1760
MAJOLICA BLUE MEL,1744
BLUEBLUECREAM STRIPE,1727
CLEAR CREAM STRIPE,1721
NAVY MEL,1720
COLD ROSE MEL,1719
NOUGAT ROSE MEL/LGM,1710
DUCK GREEN,1708
NAVY MEL/LGM,1680
BLUE DOVE,1676
W STONE TRUE ST,1673
Eventide comb,1632
Flame Scarlet,1627
Pumice s.comb,1624
BLUEREDCREAM STRIPE,1591
Night Sky melange,1589
T. ECLIPSE MEL.,1578
Rabbit,1574
DARK GREEN,1543
Dark Grey Melange solid,1543
COPPER BROWN,1538
Black Combo,1518
Peacoat Mel.,1512
Mediterranea comb,1512
DARK GREY,1506
Pumice Stone,1498
RED BLACK MEL,1490
T. ECLIPSE ST,1470
FLUFFY PINK MEL,1458
JUNE BUG MEL.,1454
Winetasting Comb,1429
Palace Blue,1423
Van-Ice comb,1404
PALE KHAKI,1402
DARK AUTUMN MEL,1401
RED,1388
D. SAPPHIRE ST,1367
Sodalite Blue Comb.,1349
Vanilla Ice w/ night sky,1346
Vanil I/Black comb,1345
BLACK STRIPE,1345
Night Sky w/ vanilla ice,1335
CREAM-BLACK STRIPE,1328
CREAM RED SURF ST,1327
POSEIDON STRIPE,1320
Flower combo,1317
TWILIGHT BLUE,1311
SASSAFRAS MEL,1309
OLIVE MEL,1306
BOSPHORUS,1303
Peac/Ethera comb.,1298
Fudge,1281
TOTAL ECLIPSE MEL,1280
OXIDIZED,1277
Blue combo,1274
Leaves combo,1273
COGNAC,1272
70s BLUE,1272
GREEN LEO AOP,1272
DARK GREEN ST,1269
SNORKEL BLUE,1266
BLUE TURTLE MULTI ST,1266
Light Grey Mel solid,1265
DARK SAPPHIRE ST,1257
CLEAR BLUE,1254
SANDGREY MEL,1251
Black w/Harv Gold,1236
Lipstick Red,1231
BLACK MEL,1230
BLUE WHITE MEL,1218
Ash,1210
INCENSE,1208
SALT/PEPPER,1205
Heather Rose comb,1200
BLACK STONE,1196
Burned Sienna,1187
ROSIN MEL.,1183
light grey mel comb,1181
Green Gables comb,1181
Graystone Comb.,1173
Peacock Blue,1172
DARKRIBBON ST,1158
W INC SPRUCE ST,1156
MAGNOLIA,1151
DARK PURPLE,1151
Barn Red,1150
SPANISH VILLA,1149
Black Graffic,1146
Wine comb.,1146
BLUE DOVE MEL,1145
Woodrose comb,1139
Pumice S. comb,1137
CREAM-PINE STRIPE,1128
Night Sky w/Vanil Ice,1126
METALLIC SILVER,1114
GARDENIA NAVY STRIPE,1110
Black w/dots combo,1110
Vanil I/stripe,1105
Black with black glitter,1096
Grey,1093
Night Sky with black glitter,1091
LEOPARD ROUGE,1082
Night Sky mel,1075
Peacoat comb.,1074
Green Gables Comb.,1074
NAVY PINSTRIPE,1070
CLEAR CREAM MEL.,1060
Coffee Bean comb,1058
Blue Shadow Comb.,1056
DARK BLUE STRIPE,1047
DUFFEL BAG,1045
GREEN MILIEU,1043
BURRO,1041
Night Sky  comb.,1031
CHEMIN BLEU,1025
Black/Black,1013
ROEBUCK MEL.,1012
ELECTRIC BLUE,1009
Heather Rose mel.,1008
Night Sky combo,1001
Vanilla Ice mel.,1001
New Blue denim,1001
Vanilla Ice combo,986
RUST,979
Night Sky w/white,977
Copper Brown,974
LILAC GREEN ST,971
Black washed,970
GREEN MILIEU MEL,969
Tannin combo,967
BLACK KNIGHT,967
Vanilla w/Night sky,966
Pale Mauve w. silver,964
CREAM LILAC ST,958
DARK BERRY,956
Night sky w/Pale Mauve,956
PUDDER,955
Winetasting comb.,953
GREENGREENCREAM ST,944
CITRUS SAPPHIRE ST,941
GOLDEN OLIVE MEL,938
Coffee Bean w/copper glitter,932
ASHLEY BLUE MEL.,932
JUNE BUG,921
RED SURF ST,914
FLORA,913
DUCK GREEN STRIPE,912
Peac. w/stripes,905
Blue Shadow solid,904
Tarmac Comb.,901
HIGH RED MEL.,895
BLUETURTLE MULTI ST,886
GOLDEN YELLOW ST,883
T. ECLIPSE MEL,881
DARK AUTUMN,877
Night Skycomb.,877
Nigth sky Solid,876
Light G Mlg comb,875
BEACH,875
Green Gables Solid,872
Black/White,870
Eventide solid,865
ROSEHIP AOP,861
RUST MEL,860
Confetti,855
Night sky solid,846
Black Grafic comb.,843
Asphalt,839
RED ST,838
OCEAN RIPPLE,837
Night sky Comb,835
CANYON ROSE,831
PINK STRIPE,831
Event. mlg com,827
MEL. 2,827
Night S w/White,810
LT G MLG w/BL,807
GERANIUM SAPPHIRE ST,804
WHITE/ NAVY,803
GLAIEUL ROSE,795
POSEIDON,789
WORN RAW,783
WHITE ST,782
B. GARDEN MEL.,781
LEMON CHROME,781
BLUE ST,780
BALSAM GREEN MEL,780
TOTAL ECLIPSE ST,780
BLUE BEIGE MEL,780
BLUE MONSUN AOP,773
Winetasting Comb.,770
GREEN,766
BLUE THIN,762
SILVER GLITTER,760
HAZEL-CREAM STRIPE,757
RUMBA RED,752
Night Sky w/Van Ice,752
WHITE STRIPE,752
RACING RED ST,751
Night S. Mlg,751
PARFAIT PINK,743
SACHET MEL.,738
Heather R. mlg,738
NAVY-RED STRIPE,735
Silver black,735
CIEL NOIR,734
Black w/ Harv Gold,733
Tannin comb,732
Black Grafic comb,731
GOLDEN GLOW MEL,731
Green Gables as cut,725
DARK NAVY,725
LIGHT BLUE STRIPE,719
Dark Purple comb,714
INDIAN TAN,713
Peacoat Comb.,712
THIN BLACK,709
Smoked Pearl comb.,705
PINK STRUCTURE,702
Jasper,699
CREAM POENY,699
Pumice St.comb,697
Nostalgia Rose Comb,695
Canal Blue,694
WORN TRASHED,693
DENIM BLUE,693
Black Zebra comb,693
HOXTON WASH,684
Rose Dust Comb,680
CREAM-OLIVE STRIPE,678
SAILOR STRIPE,674
Grey Melange combo,665
CREAM PEONY AOP,656
FOREST N. STRIPE,654
Tannin,653
SHADOW,649
CADMIUM YELLOW,647
BEETROOT PURPLE,646
DEEP NIGHT,645
TINT MEL.,642
Dark Grey Mlg,640
GRAPEMIST,638
PINK VOYAGE,636
BLACK ST,631
POTENT PURPLE,630
4011 DARK GREEN MELANGE,629
GOLDEN ROD,629
SAFARI,627
Dark Grey,625
FLORASION BLEU,624
Black Hexagon comb,622
Vanilla Ice w. Black,620
Eventide Comb.,619
BALSAM GREEN,617
Winetasting solid,616
Copper Brown washed,615
black w/print,614
AVOCADO MEL.,611
Woodrose c,609
GREEN WHITE MEL,607
BLACK CREAM MULTI ST,606
ARONA,605
Harvest G. com,605
SILVER BIRCH,604
FLEUR CLAIR,604
Smoked P. c,600
Winetasting flower comb,593
Night Sky mlg,593
BLUE STRIPE,590
DENIM MEDIUM BLUE,582
Gun metal,582
DYNA CITRUS,580
RED-NAVY STRIPE,580
RED MIKADO AOP,577
PROV BLUE WHITE,576
ZINFANDEL MEL.,576
BLACK MIDNIGHT,575
WINDSOR WINE,573
Lt blue denim,571
SILVER MEL.,570
Etherea Comb.,569
AOP/ PATTERN 1,567
BLACK TORNADO,566
KOMBU GREEN MEL,566
Winetasting comb 2,564
FIERY RED,563
Winetasting Print Mix,557
GREEN MAUI AOP,557
CITRUS HOLIDAY,554
NOHO WASH,553
4011 DARK BLUE MELANGE,551
Black w/Vanilla,551
Grey Melange comb,551
Night Sky Print Mix,550
PAPIER FLEURIE,550
POMPEIAN RED,546
Tarmac w/Vanilla,545
T ECLIPSE BLACK,540
LT grey mlg,539
Pale Mauve as SS,538
Cognac,538
PINK HOLIDAY,537
6135 OXFORD BLUE,536
CHESTNUT,533
EGGSHELL,533
SASSAFRAS,532
Sm. Pearl,530
NAVY GLITTER,528
ATLANTIC DEEP,525
CLEAR CREAM ST,521
GREY ST,518
WHITE MEL,517
CREAM-YELLOW STRIPE,517
ZENGA,509
GREY BLUE,506
SILVER PINK,501
Fudge w. black lurex,497
SAPPHIRE WHITE,494
WINE ZZ AOP,489
Pink Lemonade comb,488
MEDIUM BLUE DENIM,488
FUNGI MEL.,488
Ivy green Comb,486
BLACKCREAM MULTI ST,483
Chipmunk,482
GOLDEN HAZEL STRIPE,480
3173 REDBLUE,479
WHITE W. BLUE STRIPE,478
Elephant Skin Comb.,477
MULTI COLOR STRIPE,477
Smoked Pearl comb,476
BLACK CARBON,475
NOUGAT ROSE STRIPE,474
SCARAB,474
SCRIBBLE BLACK AOP,473
BARE SKIN,471
DARK SILVER,470
Eventide MEL,470
Champagne,468
Night S flower comb,468
DANDELION AOP,468
CREAM-GREEN STRIPE,466
CHESTNUT-NAVY LEO,466
CLEAN RINSE,465
Ivy green comb,465
Woodrose Mel.,464
CREAM PINSTRIPE,463
Rouge Red combo,463
Mellow rose comb,450
GREENBLUETINT,448
BURNT HENNA MEL,447
3672 DARK GREY,446
NAVY CHECK,446
MALIBU,445
BLUE VOYAGE,445
FLEURIE SOMBRE,444
Night Sky mel.,442
LEMON,442
OMBRE LEO PORCELAIN GREY,438
KOMBU GREEN,437
MARIN LAVANDE,437
FLAMINGO,433
OXFORD BLUE,433
DENIM DARK BLUE,429
LIGHT GREY,428
Dk. blue denim,428
FOREST NIGHT CH,426
BLANC DE BLANC,426
B. GREEN MEL,424
PINK SALMON,424
BLUE IRIS STRIPE,422
BRETON CREAM,422
DECADENT CHOCO MEL,421
GOLDEN GLOW,420
Black w/Black,418
Smoked P as SS,417
RADIENT YELLOW MEL,417
DK grey mlg,416
6158 BLUE CHECK,416
GREY CH,414
AVOCADO,406
Steeple Gray,406
UNEVEN STRIPE,405
Dark Grey Denim,404
OXFORD BLUE STRIPE,403
Night Sky mela combo,398
CAMO,396
Steeple Gray w. silver lurex,395
Black com,394
CREAM-FOG STRIPE,391
GREEN FIELD,391
POINCIANA ST,389
Dress Blues comb,388
WASHED BLACK,387
DARK BROWN,385
Graystone Comb,384
TOTAL ECLISPE,377
BLACK/ WHITE,377
CREME,376
Black/night sky,376
INDIGO RINSE,375
Black w/silver,371
SHADOW MEL,371
BLUE CHECK,370
Ref. 22,369
Smoked P as ss,366
Winetasting Solid,366
Brindle,361
LIGHT GRAY,359
Falcon as SS,359
Black Gold,358
GOLDEN MEL.,358
GOLDEN YELLOW,358
Night Sky w/Bla+silv,357
GREEN FIELD/ WHITE,355
D. SAPPHIRE MEL,354
D. SPRUCE ST,352
Pink Lemonade,352
OFF WHITE,351
BLOOM AOP,351
KHAKI MEL.,349
RED STRIPE,347
Rouge Red Comb,346
CALIFORNIA,343
SOFT BLACK,342
Nostalgia Rose combo,342
CLIP ART,341
BLUE DOT AOP,341
ALL NAVY,340
STAY BLACK,338
WINDY DOTS,338
RED-WHITE STRIPE,337
LIGHT BLUE DENIM,336
Black Print Mix,335
SURF THE WEB STRIPE,334
GREEN FEILD,334
Night Sky Melange,330
Sodalite Print Mix,330
PEYOTE,327
TWEED CHECK,324
STONE BLUE,322
SILVER BIRCH MEL.,322
YELLOW-WHITE STRIPE,321
EDGELAND,321
ETOILE,318
METALLIC,318
3942 DARK BLUE MEL,317
ROSEMARY LIP MEL.,315
SHADOW WHITE,313
Gr Denim,312
COLD ROSE,311
Mediterranea comp,311
Dress Blues combo,311
ROEBUCK,310
BLACK SLASH,309
BLACK CHOCO MEL.,308
Heather R Comb.,306
STORM,305
WHITE NOS,301
TRUE BLUE,301
Dusty Lavender comb,297
ECRU MEL,296
Woodrose combo,294
THIN BLUE STRIPE,294
ARABIAN SPICE MEL,294
BARE SKIN MEL,293
Green G. comb,292
BOTANICAL CH,291
2693 SALTPEPPER,291
BLUE DEPHTS MEL.,289
Green Gables Comb,289
RED/NAVY,288
Grape Royal,285
PHOTO,285
GREEN MEL.,284
AOP ZOOCIAL ZEBRA,282
Coffee Bean Comb.,280
SALT N PEPPER,278
ALL GREEN FIELD,277
RACING SAPPHIRE ST,276
AUTUMN GREEN MEL,276
ARMY AOP,276
OLIVE NIGHT,276
BLUECREAM SMALL,275
KENTUCKY BLUE,275
3173 WHITE/BLACK,274
SASSAFRAS MEL.,273
COGNAC BROWN,272
CIEL ROUGE,271
Blue Topaz combo,271
Burned Sienna mel.,270
Heather Rose combo,269
WHITECAP DOT,268
Etherea comb,268
LEOPARD JAUNE,264
Grey Brown,263
GREEN GABLES,262
CREAM VOYAGE,261
BOTANICAL GARDEN,260
3173 ZINF STRIPE,259
ZINFANDEL MEL,259
CLEAR CREAM MEL,259
WORN N TRASHED,257
2692 BLUE,256
NAVY/ GREY,255
BLACK GLITTER STRIPE,254
ALASKAN BLUE,253
Black w/Silver,251
Night Sky Mlg,250
T. ECLIPSE CH,250
RED MEL.,249
FLOWER MEL,249
BLACK DOT,248
CAMEL DESERT,246
PINSTRIPE NAVY,246
CITRUS,245
Falcon comb,244
Night Sky w/Silver,243
DECOR BIEN,243
Gold,242
DYNA CREAM,241
MEL. 1,240
GOLDEN OLIVE,238
MATISSE BLEU,237
Solid Black,236
NAVY/CREME,233
Flame Scarlet comb,232
BLACK NOS,231
BLUE MEL,231
Evening Blue,230
B shadow comb,229
Hematite,229
PINK W. SILVER GLITTER,229
Winetasting Combo.,228
NostalgiaRose comb,227
GREEN GABLES CH,227
DARK BLUE DENIM,226
RED MAUI AOP,225
Burro,225
Dress Blues Combo,225
STRIPE 1,224
HIGH RISE,223
PLUM MEL,223
Grey Combo,223
NEW NAVY MEADOW,221
LIPS GARDENIA AOP,221
Lipstick Red comb,220
MULTI STRIPE,220
Tarmac as cut,220
SALT & PEPPER,220
2693 BLUE NOS,218
INDIGO ST,218
NAVY MELANGE,217
WHITE SAND ST,214
SASSOON,214
TOTAL ECLIPSE AOP,214
SPRUCETINT,213
TUNNEL WASH,213
Vanilla I. com,213
Fudge comb,213
Vanilla w/Night Sky,212
NAVY CLIP ART,211
Dove comb.,210
GREENER PASTURES,210
WINE DECOR AOP,209
Slate Rose,208
HOLIDAY RED MEADOW,206
SAPPHIRE MULTI,204
Vanilla Ice w/ black,204
Night Sky/pale banan,202
WORN N TORN,202
DULL NAVY,202
T.ECLIPSE BLACK,200
WHITE SP,200
Black as ss,200
Vanilla Ice w.N/s,200
Flame Scarlet comb.,199
PINK W. WHITE DOTS,196
Coffee B comb,195
Ivy G. comb,195
TARTAN MEL,194
Ballerina /Night sky,194
3979 DARK GREY,193
RED WHITE,192
BEACH BREAK,192
GREY MEL,192
CREAM SAND,189
DARK GREEN MULTI,188
Black Washed,186
SAPPHIRE WINE,184
PINE GROVE,183
Magenta solid,183
Hematite Grey,183
Winetasting Striped,183
SYRAH,182
BLACK W. SILVER GLITTER,182
JAVA MEL.,181
SHIBORI ROSIN,181
AUTMN GREEN MEL.,181
Night S Com,180
RED HOLIDAY,180
Confetti comb.,179
DUSTY OLIVE MEL,179
Ref. 18,179
BLUE SP,178
CAMEO ROSE,178
BROWN,178
Winetasting Mel,178
CREME/NAVY,178
CREAM CH,177
3173 WHITE/BLUE,176
Tannin comb.,176
SAND GREY MEL.,176
DAKR BLUE STRIPE,172
EVERGREEN ST,172
BURRO MEL.,171
MIDNIGHT SKY,171
Dove/ White comb.,170
RODEO,170
LIGHT BLUE WASH,169
Green Gables Striped,169
DARK BLUE MEL,168
Silver w/ Black,168
BLACK JAPAN,167
4011 GREY MELANGE,167
SAPPHIRE LILAC,166
SILVER BIRCH MEL,166
SPRUCEBLACK ST,166
Night sky,164
DARK BLUE NOS,164
Pale Mauve Solid,163
BLACK BULL,163
CREAM JAPAN,163
Silver Gray,162
Light Blue Vintage Denim,161
LIGHT GRAY CH,159
PIRATE BLACK ST,159
CABERNET,158
Green Gables Mel,158
NAVAJO,158
GREY GLITTER,155
POINICIANA ST,155
JUNE BUG MEL,154
Congac,154
Black Melange,153
Black w. silver,152
CABERNET MEL,150
PEACH BEIGE,149
WHITE / GREEN FIELD,148
VALLARTA BLUE,148
Black comb. as ss,148
BIG FLOWER AOP,148
WHITE W. BLACK STRIPES,145
BLACK W. MULTI GLITTER,143
Black Used Look,142
BLACK CHIP,142
CREAMBLUE,142
Shadow,142
Limelight,142
HIGH RED MEL,141
Navy,141
LIGHT GRAY ST,141
SILVER DOT AQUA SKY,140
RETRO BLUE MEL.,140
Bright White comb,140
WHITE W. PINK STRIPES,140
TOTAL ECLIPSE SP,140
TOTAL ECLIPSE CH,139
6221 DARK SAND,139
GINGHAM CHECK,139
PUA,138
Peacoat Melange,137
Barn Red comb,136
WHITE MULTI,136
High Risk Red,136
Silver matt,135
Coral Cloud,135
SASSAFRAS CH,134
Medieval Blue w/Vanilla,133
Burro Melange,132
BLACK PRINT,131
Sky Captain,130
Palace Blue Comb,130
CAMOUFLAGE,130
Ref. 38,130
D SAPPHIRE MEL,129
6290 BLACK SUEDE,128
SAILOR,128
Wine T comb,128
DULL ROSE,128
RAINBOW EMB,127
GREEN ST,126
ECLIPSEBLACK ST,126
Oxidized Gold,125
TWILIGHT BLACK,125
THUNDER,125
Vanilla w/Night,125
BLUE/GREEN,125
BLUE CH,124
LILACTINT STRIPE,124
Coffee B.mel,123
PINK JAPAN,122
Ox. Silver,122
Ash comb.,122
DARK SAPPHIRE MEL,121
BLACK WHITE,121
OREO WASH,120
BLACK AOP,120
light blue mel,119
Rose Dust comb,119
ROSEWOOD,118
Night Sky flower comb,118
DARK SAND,117
LEOPARD,117
BLACK / CREME,117
Jasper comb,117
Vanilla Ice Lace,117
UNION WASH,117
Blue Surf,114
SPRUCETINT THIN,114
WINE BLACK MEL,114
Semi matt gold/grey,114
ROSEBOWL,112
Peacoat combo,112
Vanilla Ice melange,112
SAKURA,111
Night S. Com,110
SAPPHIRE DOT AOP,109
Tarmac melange,109
Vintage Blue Denim,109
RED/BLUE,109
Silver Lurex,109
CASHMERE BLUE,109
Midnight blue,107
Mint,107
Blue Shadow w/Night,107
Ash Comb,107
B. GARDEN MEL,107
NAVY DOTTED AOP,106
WEBBLUECREAM ST,106
BLACK W. BLACK DOT,106
DUFFLE BAG MEL.,106
Grey Comb,106
BLUE LOVE,105
Hematite matt,104
STRIPE,104
Fudge mel. comb.,104
Gold w/ Rose Dust Stone,103
D. SPRUCE CH,102
Eventide comb. as SS,101
pine mel,101
SILVER MEL,101
DECADENT SNAKE,100
CAMEL CHECK,100
Night Sky w White,99
BLUECREAM,99
Cof Bean mel as SS,99
WHITE CH,99
Vanilla Ice Mesh,99
BALSAM GREEN ST,98
Antique White,98
TARTAN,98
POINCIANA MULTI,97
Nugget Gold Comb.,97
Heather,96
D SAPPHIRE CH,96
Blue Depths,96
Confetti w. rose dust,96
BARE SKIN GLITTER,96
Asphalt comb.,95
3173 RED STRIPE,95
BLACK CH,95
KHAKI PATTERN,94
ADOBE-WHITE STRIPE,94
GREEN GABLES ST,94
Dress Blues Comb,94
Vintage Denim,94
GREENER PASTURES MEL,93
DARK GREEN MEL,92
NEW JUNGLE,92
Gold comb,91
Ash Comb.,91
Medieval Blue solid,91
GRAPEMIST MEL,91
Night S. comb,90
D. SAPP MEL CH,89
BLUE HOLIDAY,88
PAINTERS WASH,88
Steeple grey comb.,87
Ox Silver,87
Ref. 74,86
Blue Shadow comb,85
H. RISK RED ST,85
Hematite Matt,85
DEEP BLUE,84
TURTLEDOVE MEL,84
CREAM DOT,83
A. BRONZE MEL.,83
ESTATE BLUE MEL.,83
MERMAID,82
Chipmunk Combo,82
BLACK WASH,82
REDBLUE,82
DOTS,82
Heather Rose melange,81
Semi matt silver/brown,81
3644 BLUE MEL,81
BLUE RODEO,81
GOLDEN MEL,81
BLANC MEL,81
CREAM WHITE,80
Steeple Gray comb.,79
Smoked P. comb,79
GLAIUEL ROSE,79
ARABIAN SPICE,78
BLUE OD BLACK,78
CAMEL,78
Vanilla Ice Combo,78
GREY,77
Jasper/Blue surf comb.,77
Dove  comb,77
PURPLE MEL,77
Gold Solid,77
BLUE,77
Dress Blues comb.,76
EMERALD,76
ZINFANDEL,76
ECRU MELANGE,76
WINE WHITE,76
MOLE MEL.,76
Silver w/ Clean Stone,76
KHAKI MEL,76
Tarmac as SS,76
Deep Sea C. mel,75
RED ROSES AOP,73
BLACK W. WHITE DOTS,73
Fudge Mel,73
SMOKE,73
P PINE MEL,73
BLUE CROSS,72
TURTLE DOVE,72
Pink Lavender,72
Dress Blues combi,72
FUNGI,72
EMPIRE BLUE,71
Desert Flower,71
FAWCET,70
White Comb,70
GRIFFIN,70
Denim Splash,69
Eventide comb.,69
LINE BLUE,69
PUSSYWILLOW GRAY,69
INDIGO BLEACH,69
Dark Denim,68
Lt Grey Mel/Vanilla,68
Night Sky Glitter,68
BROSSE,68
Dress Blues Stripe,68
TARTAN AOP,68
Chipmunk combo,68
SMALL FLOWER AOP,67
GREEN GABLE,67
Eventide as SS,67
LIGHT DESERT,67
PURE INDIGO,66
CREAM-DARK BERRY STRIPE,66
PINSTRIPE,66
Woodrose Comb.,66
Pumice Stone Comb.,66
White Denim,66
Silver as ss,65
BLUECREME SMALL,65
Etherea combo,64
TAN,64
PEPPER SPRAY,63
FLEUR SOMBRE,63
H. RISK RED CH,63
WHITECAP GRAY,63
Comb. Blue ribbon,63
FUNGI MELANGE,63
BLACK MULTI,62
Vanilla I comb,62
L. GRAY MEL CH,62
Woodrose solid,62
GOLDEN SAND,62
3644 BLUE MEL.,61
BLUE CROSS AOP,60
Gold semi matt,60
Silver semi matt,60
CITRUS STRIPE,60
Magenta Haze,60
6344 BLUE MEL.,60
DARK GREEN MEL.,60
GREEN FIELD/NAVY,59
PINE GROVE MEL,59
SAPPHIRE TINT,59
Dark G. mlg,59
Snow White,59
CREAM DOT AOP,59
Satin hematite/crystal,59
Eventide combo,59
Gold w/ Rose and Ash,58
CREAM MEL,58
BLUE DOT,58
RED ST.,58
RAIN,57
T. ECLIPSE AOP,57
Dress Blues Solid,57
NEW NAVY GLITTER,57
OLIVE MEL.,56
Asphalt/Rose D comb,56
WINE MULTI,55
VINTAGE INDIGO,55
DARKEST SPRUCE ST,55
Canal Blue comb.,55
Vanilla Ice w/blue,55
NAVY-WHITE STRIPE,55
Satin gold/crystal,55
Rose Dust Comb.,54
TAWNY PORT,54
METEORITE ST,54
Black Lace,54
Eventide/Grey Mel.,54
Bright White/Grey Mel.,52
D SAPPHIRE ST,52
Confetti Combo,52
MOLE CH,52
MARINE NAVY,51
Black w. eventide,51
Vanilla flower,51
Rabbit Comb.,50
Vanilla Ice Com,50
DECADENT CHOKO,49
CAMOU,49
Abbey Stone,49
CREAM MIDNIGHT,49
Dress Blues com,49
Winetasting melange,49
BLACK W. DOTS,48
TOTAL ECLIPSE WHITE,48
Dark Indigo,48
Copper Brown comb,48
ANTIQUE BRONZE MEL,48
Copper B Com,48
DESERT FLOWER,47
DUFFEL BAG MEL.,47
PINEGROVE MEL,47
ASHLEY BLUE,47
LIGHT DECOR AOP,47
LIGHT BLUE CH,47
Vanilla Ice Comb,47
Black Mesh,46
REFLECT,46
DUFFEL ROSE ST,46
DYNA LAVENDER,46
FAUNA BLUE,45
Vanilla Ice w/Silver,45
WORN N' TORN,45
WHITE RAW,45
Dress Blues Comb.,45
Pale Mauve Melange,44
Pink Lavender/Grey Mel.,44
Sodalite Blue stripe comb.,44
Oxidized Silver,44
VINTAGE KHAKI MEL,44
VALLARTA ST,43
Grey Mel as ss,43
Peacoat w VanillaIce,43
Canal Blue combo,43
STONE BLUE MEL,41
Blue denim Stripe,41
ANGEL FALLS MEL,41
TAUPE,40
OLD SKOOL,40
Falcon Comb.,40
DECADENT MEL,40
Dark Purple solid,39
WINETASTING,39
VINTOUCH,39
CASTORO,39
DARKBURRO ST,39
Rouge Red Solid,39
BROWN CHECK,39
3671 GREY,38
ZINFANDEL STRIPE,38
JAVA MEL,38
CABERNET ST,38
T.ECLIPSE MEL.,38
TINY STRIPE,38
RHUBARB,37
CREMEBLUE,37
BLUE CREAM SMALL,37
WHITECAP MEL,37
LIGHT INDIGO MEL,37
Black w. silver lurex,37
Asphalt mel. comb.,37
RAYE,36
POSEIDON WHITE,36
Blue Bell,36
CANYON ROSE MEL.,36
Slate Rose Combo,36
BLUE BIG DOT,36
Night S mlg.,36
DARK BLUE WASH,35
Night Sky stipe,35
TINTCREAM STRIPE,35
Asphalt Striped,35
INDIGO WASH,35
Eventide/ White comb.,35
G. GABLES ST,35
MAJOLICA BLUE MEL.,35
Orange as cut,34
COUTIL,34
ALASKAN CREAM,34
Copper B mel,34
Fresh Lemonade,33
Asphalt mel. comb,33
BLUE W. WHITE STRIPE,33
INCENSE MEL.,33
White W. copper B,32
SAPPHIRE MEL.,32
ECLIPSE STRIPE,32
BLUE INK,32
Antique W. comb,32
Ivy green comb.,32
CACTUS GREEN,32
VOLCANO,32
Sleet,31
Midnight Navy,31
EVERGREEN,31
ANTIQUE BRONZE,31
Canal Blue Solid,30
Grey melange comb.,30
ROSIN BIRCH CHECK,30
A. BRONZE MEL,30
SCRIBBLE CREAM AOP,30
CREAM INK,29
Rabbit as ss,29
Gold satin,29
Dove Comb.,29
Greyjet/blackdiamant/crystal,28
ATLANTICDEEP MEL,28
BLACK SILVER,28
LINE SYRAH,28
Dove Combo,27
LIGHT GREY MELANGE,27
BLUE MEL ST.,27
Comb Cashmere blue,27
Rosegold satin/hematite,27
Black comb as ss,27
BLACKISH,26
WORN  JOGGER,26
Medieval flower,26
Fudge Comb/print-2,26
Racing Red comb,26
Nostalgia Rose Comb.,25
Canal Blue print as ss,25
Winetasting combo,25
PINK SYRAH,25
Dress Blues melange,25
LIGHT BLUE DOT,25
HERITAGE WASH,25
Iron Gate,25
Cream Tan Comb,25
Burro comb.,25
Marble comb,24
Jasper Comb-1,24
Denim dot,24
WHITE SAND MEL,24
BALLAD BLUE MEL,24
DARK SEAWEED,24
Satin silver/crystal,24
ACACIA ST,24
PURPLE MEL.,24
Dress Blues combs,24
VERTICAL VAPOR,24
Steeple Gray comb,24
Black w. gold,23
6849 BLUE STRIPE,23
JUNGLE,23
Square comb,23
Black Melange comb.,23
BRETON BLUE,23
GREY MEL ST,22
CARAMEL CAF?,22
Dress blues comb.,22
WORK WASH,22
LIGHT BLUE ST,22
ROSEWOOD MEL.,22
COCKATOO,22
HARBOR GREY,22
LOCAL WASH,21
BLUE GREEN ST.,21
Rose Dust melange,21
Jasper combo,21
Fudge w/Asphalt,21
Night S w/V.I,21
Green G. as cut,20
G. GABLES WHITE,20
Grey combo,20
HANA LIGHT,20
Peacock Blue Solid,20
D. SAPPHIRE MEL.,20
Rabbit Comb,19
DARK GREY MEL,19
DUFFEL MEL,19
Medieval Blue melange,19
Bright White comb.,19
Rose Dust solid,19
PINK MEL.,19
Silver Matt,19
6490 INDIGO STRIPE,18
RIVER,18
Eventide check,18
HERITAGE,18
POINT PARFAIT,17
PINK TOKYO,17
Rabbit comb.,17
6647 PROVINCIAL BLUE,17
BORDEAUX,17
DARK BLOOM AOP,17
OXFORD STRIPED,17
Desert Flower Comb,17
PEARL BLUE SP,17
FLOWER MEL.,17
Dress Blue/black,17
GREY GRAINS,17
BEET RED,17
Black mel. comb.,16
MOLE MEL,16
BELLA,16
Dress B. w/Corydalis,16
DESERT FLOWER MEL,16
Canal Blue Comb,16
Light Blue,16
DRY WORN,16
DARK BERRY MEL.,16
TRUE VINTAGE,15
GREY MEL. AOP,15
Heather R. comb,15
Chalk Pink/Black stripe,15
6647 BLACK,15
D. SAPPHIRE AOP,15
Steeple G. Comb,15
Garnet melange,15
Dress Blues as ss,15
MOSAIC AOP,15
Ash Melange,15
REDBLUESTRIPE,15
TRIPLE STRIPE,15
Rose Dust mel.,15
MOLE ST,15
PEACH AMBER,14
2105 BLACKISH,14
BROKEN BLACK,14
KIT,14
BLACK SP,14
Vanilla Ice Comb-1,14
6694 BLACK CAMO,14
Dove comb,14
Asphalt w. silver,14
6562 BLUE STRIPE,14
THRASHED,14
Fuchsia Purple,14
BLACK/GARDENIA,14
VERTICAL ROSE,14
BLUE ST.,14
Black Stripe,14
CREME STRIPE,14
RE-WORKED,13
ATLANTIC DEEP MEL.,13
Blue ribbon comb.,13
5610 CAMEL,13
REPAIRED STONE,13
Port Royal mlg,13
GREEN GABLES MEL,13
GLITTER STRIPE,13
Chalk Pink,13
Satin silver/hematite,13
6883 BLUE DOT,13
Beach Glass,13
Blue Ribbon,13
DARK INDIGO,12
6688 BLACK,12
Ash/Vanilla Ice striped,12
Semi matt gold,12
NUGGET GOLD,12
6650 PRO. BLUE,12
Vanilla Flower,12
TRASHED,12
Night S. mel,12
Black w/Corydalis,12
Canal Blue mel.,12
Fudge Comb,12
DULL BLACK,12
Purple Heather,12
Pumice Stone comb.,12
SEA GRASS AOP,12
DUCK GREEN MEL,12
SEPIA,12
REDBLUECREAM,11
Event /Van I.,11
6652 VINT. CHK.,11
WIND CHIME,11
FAUNA CREAM,11
Agathe Green,11
V. KHAKI MEL,11
SAPPHIRE MEL,11
4006 BLUE INK,11
WORN MID BLUE,11
Eventide w. Ash,10
GREY LEO,10
Daphne Blue comb,10
SYCAMORE,10
SUTTLE CHECK,10
ROSEWOOD CHECK,10
Black/Vanilla Ice,10
6883 BLUE,10
LEO,10
Canal Blue Melange,10
Powder Blue Comb,10
CHECKED,10
Mocca,10
SASSAFRAS AOP,10
WINDSOR WINE ST,10
CLEAR CREAM AOP,10
Pink Lavender comb.,10
DARK GREY CHECK,10
Matt Black,10
Pavement,10
Earth Red Comb,10
WARM KHAKI,10
Copper B mel as SS,9
3535 L. GREY MEL. CHECK,9
PLUMES AOP,9
Peacoat melange,9
Light Grey Denim,9
Dress Blues Com,9
6662 BLACK STRIPE,9
Rose Dust comb.,9
FENNEL SEED MEL,9
6499 VINTAGE KHAKI,9
Agathe Green comb,9
Dark Blue stone wash,9
NAVY ST,9
Black Olive,9
TWILIGHT MAUVE,9
PINK GLO,9
Dove w. gold,9
BLUE CREAM ST,9
W. WINE ST,9
Black Comb as ss,9
TOTAL ECLIPSE ST.,9
Green Gabl. Com,8
Dark Blue,8
SKY,8
Medium Blue,8
ASPHALT,8
Black w/ Black,8
BLACK BLUE MEL.,8
NAVY WHITE STRIPE,8
LIGHT INDIGO,8
RED CREAM BLUE,8
CREAM TOKYO,8
NOHO,8
BURNT SIENNA,8
Fairy Tale,8
Asphalt Comb,8
6378 BROWN CHECK,8
Van I /Night S,8
Antique White Comb,8
GLOSSY,8
JASPER WOOD,8
6437 DARK INDIGO,7
6388 GREY STRIPE,7
BLACK OD.,7
Vanilla Ice/Blue as ss,7
DOVE,7
Black melange,7
VINTAGE WHITE,7
IRISH LEAF,7
ANGEL FALLS,7
TOTAL ECLIPSE STRIPE,7
NOSTALGIA ROSE,7
Blackjet/black diamant/crystal,7
Agathe Green /Vanilla Ice,7
COACHELLA,7
Cream Tan/black,7
Semi matt hematite,7
JAVA,7
6499 BLUE,7
ASIA DOT NAVY,7
Plum Perfect,7
Ash print,7
6615 T. ECL. STRIPE,7
6884 BLUE CHECK,7
6723 DRAK GREY,7
White comb,7
CHEETAH,7
Comb Black,7
3173 TAP STRIPE,7
PROV. BLUE MEL.,6
NATURAL,6
JAVA STRIPE,6
Legion Blue,6
6646 T. ECLIPSE CHECK,6
ANTRACIT,6
PORT ROYALE,6
6240 BLACK,6
Confetti comb. as SS,6
Grey Melange Comb,6
NAVY / CREAM,6
Vanilla I com,6
Blue Comb,6
Comb. Black,6
BLACK ROCK,6
6644 PROL. CHECK,6
Black Stripe Comb,6
RUSTY BROWN,6
PIRATE BLACK,6
FROSTY GREEN,6
6884 BLACK CHECK,6
DULL GOLD MEL.,5
6877 TOTAL ECLIPSE,5
KELP,5
6150 BLACK,5
60'S STONEWASH,5
ECLIPSE CHECK,5
Elephant Skin comb,5
Saint Grey,5
WAVE,5
6499 PROVINCIAL BLUE,5
5986 TWEED,5
6388 CREAM STRIPE,5
PROVINCIAL BLUE,5
PEARL BLUE,5
KHAKI TAPANADE,5
BRIGHT MARIGOLD,5
BRETON BOLD,5
GREY MIX,5
BEATNICK BLACK,5
LIGHT MAHOGANY ,5
NAVY / RED,5
Lavender Lustre,5
6647 LIGHT GREY,5
DUCK GREEN ST,5
DARK BERRY MEL,5
BRETON GREEN,5
STAR SAPPHIRE,5
DULL GOLD,5
6723 DRAK BLUE,5
Asphalt comb,5
3688 BLUE,5
Steeple gray comb.,5
Warm Off-white,5
OLIVE NIGHT MEL.,5
MID BLUE,5
Rouge Red w. Black,4
Desert Sage Mel,4
Black Destroyed,4
YELLOW,4
Tango Red as ss,4
MIDNIGHT NAVY,4
Asphalt comb as ss,4
FIG,4
N. Sky mlg,4
6643 POSEIDON,4
VINTAGE KHAKI MEL.,4
CAMEL MEL.,4
MARINA,4
BLACK SPACE,4
TROPICAL PEACH,4
6882 BLACK,4
VINTAGE KHAKI ST,4
BLUE SPRUCE,4
Black check,4
INDIAN TAN MEL.,4
Dark blue comb.,4
6642 CLEAR CREAM,4
BLACK EDGE,4
CARDINAL,4
6131 THIN BLUE CHECK,4
6882 GREEN,3
TOWER,3
CRANBERRY,3
Asphalt w.silver,3
THRIFT STORE,3
Asphalt Comb as ss,3
6351 BIG PAISLEY,3
Turbulence,3
6423 RIFLE CHECK,3
VAPOR BLUE,3
6132 SMALL BLUE CHECK,3
BURGUNDY,3
NATURE WOLF,3
WHITE NUDE,3
*** basics ***,3
D. SAPPHIRE CH,3
Blue Surf Comb,3
6362 F. GREEN MEL.,3
CLEAR SKY,3
Zinfandel,3
Semi matt silver,3
NAVY STRIPE,3
FOREST LEAF,3
GREY MEL CH,3
MULTI CHECK,3
6149 WHITE MEL.,3
DARK GREY W ST,3
DENIM LIGHT BLUE,3
HIBISCUS AOP,3
6498 T. ECLIPSE MEL.,3
BLACK CHECK,3
BRETON BEET,3
Blue denim as ss,3
Tango Red Solid,3
Palace Blue melange,3
NATURE,3
IRISH GREEN,3
CURRY YELLOW,3
White denim,3
COZY WASH,3
Dk blue rinse,3
Fairy Tale Comb,3
Dress Blues/Ash,3
6350 SMALL PAISLEY,3
White Pepper,3
TAWNY PORT MEL,3
HARVEST AOP,2
Black denim,2
Dark grey melange,2
5582 DARK BLUE,2
THRILL BLUE,2
Daphne Blue,2
3111 STRIPE BLUE,2
BRIGHT YELLOW,2
6656 BLCK. STRP. CHK.,2
Burro comb,2
Dress B. w/Lime P,2
Blue comb.,2
Cashmere Blue Comb,2
GREY STRIPE,2
PRUGNA,2
Black destroyed,2
ECLIPSE BLACK MEL,2
SMALL HOLIDAY,2
NAVY MEL/GREY MEL.,2
6456 T.E: STRIPE,2
2862 GREEN CHECK,2
CELADON MEL,2
Dress Blues/Bright White,2
Black Rinsed,2
Black Iris,2
6042 CREME CHECK,2
6298 GREY CHECK,2
Rouge Red comb,2
WINDSOR WINE MEL,2
6297 RED CHECK,2
6503 BLUE MEL.,2
Chalk Pink comb as sample,2
Heather Comb,2
FOREST MEL.,2
TURTLEDOVE MEL.,2
BURRO MEL,2
CINDER,2
6658 INDIGO PRINT,2
Jasper comb.,2
CREAM CHECK,2
Vanilla Ice Solid,2
SULPHUR SPRING,2
Dark Grey Mel as ss,2
POSEIDON MEL.,2
Dress Blues Mel.,2
HARVEST PUMPKIN,2
Ash/Black,2
NOUGAT,2
ZINNIA,2
MARSHMALLOW,2
Lavender Lustre w. Black,2
HARBOUR GRAY STRUCTURE,2
Grey comb,2
BLACK BLOOM,2
CREAM MULTI,2
ECLIPSE,2
SURF BLUE,2
6657 BLUE INK,2
Black/Silver,2
H/W/SG/B,2
SAHARA SAND,2
BLACKFLOWER,2
Earth Red,2
Blue Depths Comb,2
KERCHIEF AOP,2
RUMBA RED STRIPE,2
Lt. Blue,2
Pale Rose,2
RAIN REGULAR,2
Beige,2
Ombre Blue Solid,2
RIFLE GREEN MEL.,2
DESERT SUN,2
Deep Ocean,2
Total Eclipse comb,2
LIGHT NAVY,2
ANDORRA MEL.,2
Legion Blue w. black sleeve,1
Lavender Lustre comb,1
BRIGHT BLUE,1
Dk blue one wash,1
Eventide/Black,1
Grey Solid,1
BLUE NOTE,1
Pale Mauve comb.,1
ASIAN DOT NAVY,1
Vibrant Y. as cut,1
Black/Bright White,1
DARK INDIGO MEL,1
5937 BROWN,1
TERRAZZO SMALL,1
Black  comb,1
INDIGO,1
BATON,1
Fresh Lemonade comb.,1
Tango Red comb,1
Palace Blue striped,1
Grey mix as ss,1
Dress Blues striped,1
6169 BLACK,1
DENTELLE NOUGAT,1
FENNEL SEED,1
FADED NAVY,1
BLACK TOKYO,1
White/Sleet stripe,1
BRETON SYRAH,1
6710 CREAM STRIPE,1
New comb.,1
6246 GREY LEAF,1
6677 PROV. BLUE,1
Eventide as ss,1
PATTERN 1,1
LEAF NUDE PINK AOP,1
White solid,1
Grey Melange comb.,1
MOUNTAIN AOP,1
GOLDEN ROD CHECK,1
AOP,1
Dark sea,1
Pavement comb,1
Rabbit mel.,1
JAVA MELANGE,1
White Solid,1
FEATHER,1
6643 VINTAGE KHAKI,1
PLUM KITTEN,1
Violet Ice w. Black,1
RUSTIC RINSE,1
Violet Ice comb.,1
6511 THRILL BLUE,1
SANDCREAM MEL,1
ORANGE.COM,1
Port R. mlg,1
Check print,1
6642 PROVINCIAL BLUE,1
NAVAJO BLACK AOP,1
2862 BROWN CHECK,1
Dark grey mlg.,1
Chalk Violet,1
HAMPSTEAD,1
Vintage blue,1
MULTI COLOUR MEL,1
ROSE VIOLET,1
Black/Copper comb,1
Purple heather Comb.,1
BURNED ORANGE MEL.,1
PAINT AOP,1
RIFFLE GREEN,1
Jasper mel.,1
Black emboss,1
Bright White/Black,1
Grapeade comb,1
Zinfandel w. black sleeves,1
CP/W/FL/S,1
Medium Grey Mel.,1
PINK MEL,1
PLUM PERFECT,1
Golden,1
Poinciana,1
Dress Blues solid,1
Hematite Silver,1
Blue denim as SS,1
LIGHT NOUGAT MEL.,1
Limelight + Silver,1
BLACK METAL,1
DARK GRAY MELANGE,1
CASTLE,1
CRANBERRY MEL,1
BLACK-WHITE STRIPE,1
Grey/Brown as cut,1
6643 NUGGET GOLD,1
PEACH BEIGE STRIPE,1
Sleet as ss,1
T. ECLIPSE STRIPE,1
Steeple Gray + Silver,1
Black Iris Comb,1
Black w/white,1
TOPAZ,1
BLUE MEL.,1
Plum Perfect comb,1
SYRAH MEL.,1
OPTIC WHITE,1
Vanilla Ice Stripe,1
TAWNY PORT MEL.,1
Vanilla Ice w. Dress Blues,1
Blue denim stonewashed,1
6466 SAND,1
Steeple Gray Comb,1
Marina,1
BLACK-CREAM STRIPE,1
Atlantic,1
Black Structure,1
Steel Gray,1
LILAC SACHET ,1
MULTI CH,1
CAMEO ROSE MEL.,1
MOUNTAINS,1
PIRAT BLACK,1
TOTAL ECLIPSE JAQ,1
BELSIZE,1
Denim Blue,1
6498 BLACK MEL.,1
ROAD,1
Grey Melange mel,1
CARAMEL CAF?,1
Pool,1
Chocco Shake,1
6876 BLACK,1
6290 LIGHT BROWN,1
6217 DARK GREY MELANGE,1
TRUE BLUE ST,1
Black/White stripe,1
Zebra Comb as ss,1
